client_id,nb_transactions,ca_client,panier_moyen_client,panier_median_client,montant_min_client,montant_max_client,date_premier_achat,date_dernier_achat,nb_avis,note_moyenne_client,quartile_valeur,segment_valeur
4079,6,802.0,133.66666666666666,136.5,82.0,180.0,2022-12-11,2023-07-28,5,3.02,1,1. Occasionnel
4112,7,885.0,126.42857142857143,130.0,46.0,183.0,2022-11-07,2023-09-01,5,3.02,1,1. Occasionnel
4041,11,896.0,81.45454545454545,42.0,13.0,193.0,2022-10-05,2023-09-23,9,2.8222222222222224,1,1. Occasionnel
4046,8,928.0,116.0,121.5,41.0,190.0,2022-10-07,2023-08-03,8,3.3249999999999997,1,1. Occasionnel
4076,11,928.0,84.36363636363636,70.0,11.0,174.0,2022-10-03,2023-06-30,10,2.91,1,1. Occasionnel
4101,8,943.0,117.875,117.5,48.0,188.0,2022-11-26,2023-09-22,7,2.814285714285714,1,1. Occasionnel
4014,12,1002.0,83.5,86.5,13.0,197.0,2022-10-02,2023-09-22,10,3.35,1,1. Occasionnel
4050,10,1004.0,100.4,96.5,30.0,175.0,2022-10-11,2023-06-20,9,2.3777777777777778,1,1. Occasionnel
3975,11,1010.0,91.81818181818181,101.0,14.0,195.0,2022-11-17,2023-09-29,10,3.1499999999999995,1,1. Occasionnel
4087,9,1029.0,114.33333333333333,119.0,18.0,181.0,2022-10-10,2023-08-27,9,2.966666666666667,1,1. Occasionnel
4027,11,1087.0,98.81818181818181,86.0,31.0,198.0,2022-10-19,2023-09-12,10,2.79,1,1. Occasionnel
4039,10,1093.0,109.3,120.5,32.0,170.0,2022-10-25,2023-07-05,10,3.1699999999999995,1,1. Occasionnel
4016,13,1115.0,85.76923076923077,83.0,22.0,179.0,2022-11-27,2023-07-29,13,2.5615384615384618,1,1. Occasionnel
3969,13,1135.0,87.3076923076923,88.0,20.0,178.0,2022-12-01,2023-09-15,11,2.809090909090909,1,1. Occasionnel
4069,15,1145.0,76.33333333333333,61.0,15.0,191.0,2022-10-19,2023-08-05,14,3.2499999999999996,1,1. Occasionnel
3957,11,1150.0,104.54545454545455,98.0,10.0,183.0,2022-10-03,2023-07-08,10,3.21,1,1. Occasionnel
3983,12,1163.0,96.91666666666667,93.5,19.0,173.0,2022-11-08,2023-09-30,12,3.4000000000000004,1,1. Occasionnel
3977,16,1168.0,73.0,70.5,11.0,167.0,2022-10-07,2023-09-20,14,3.564285714285714,1,1. Occasionnel
4030,11,1236.0,112.36363636363636,94.0,36.0,179.0,2022-10-15,2023-07-30,11,2.527272727272728,1,1. Occasionnel
4021,13,1237.0,95.15384615384616,106.0,12.0,184.0,2022-11-01,2023-09-30,12,2.7583333333333333,1,1. Occasionnel
4022,11,1254.0,114.0,109.0,31.0,198.0,2022-10-10,2023-08-27,10,2.2499999999999996,1,1. Occasionnel
4061,15,1284.0,85.6,83.0,13.0,169.0,2022-10-03,2023-07-30,12,2.9333333333333336,1,1. Occasionnel
4028,16,1287.0,80.4375,55.0,16.0,188.0,2022-10-11,2023-08-22,16,2.6625,1,1. Occasionnel
4089,11,1328.0,120.72727272727273,125.0,43.0,200.0,2022-10-27,2023-07-18,10,2.7399999999999998,1,1. Occasionnel
3958,17,1334.0,78.47058823529412,64.0,16.0,162.0,2022-11-02,2023-09-14,16,2.69375,1,1. Occasionnel
3991,12,1347.0,112.25,129.0,27.0,183.0,2022-10-05,2023-09-19,10,3.29,1,1. Occasionnel
4009,17,1349.0,79.3529411764706,52.0,17.0,165.0,2022-11-04,2023-09-24,15,2.773333333333333,1,1. Occasionnel
4119,13,1357.0,104.38461538461539,90.0,21.0,195.0,2022-10-13,2023-09-14,13,3.3461538461538463,1,1. Occasionnel
4024,14,1375.0,98.21428571428571,92.5,15.0,199.0,2022-10-09,2023-08-03,14,2.9,1,1. Occasionnel
4066,14,1392.0,99.42857142857143,108.5,15.0,176.0,2022-10-13,2023-09-03,10,2.85,1,1. Occasionnel
4058,14,1402.0,100.14285714285714,67.0,26.0,195.0,2022-10-16,2023-09-24,10,2.5999999999999996,1,1. Occasionnel
4062,17,1405.0,82.6470588235294,76.0,14.0,178.0,2022-10-03,2023-09-05,15,3.146666666666667,1,1. Occasionnel
3996,14,1421.0,101.5,99.0,16.0,180.0,2022-12-30,2023-09-05,14,2.457142857142857,1,1. Occasionnel
4085,14,1423.0,101.64285714285714,112.5,16.0,190.0,2022-10-27,2023-08-29,13,2.576923076923077,1,1. Occasionnel
4007,13,1433.0,110.23076923076923,133.0,12.0,185.0,2022-11-18,2023-07-27,12,2.741666666666667,1,1. Occasionnel
3960,15,1434.0,95.6,78.0,11.0,197.0,2022-10-31,2023-09-14,13,3.2461538461538457,1,1. Occasionnel
4114,15,1447.0,96.46666666666667,92.0,33.0,188.0,2022-10-10,2023-09-01,14,3.135714285714286,1,1. Occasionnel
4038,16,1448.0,90.5,88.0,19.0,181.0,2022-10-07,2023-08-14,16,2.90625,1,1. Occasionnel
4004,14,1456.0,104.0,94.5,18.0,198.0,2022-10-15,2023-09-24,14,3.0500000000000003,1,1. Occasionnel
4013,16,1463.0,91.4375,98.0,15.0,185.0,2022-10-07,2023-08-22,15,2.9399999999999995,1,1. Occasionnel
4015,14,1464.0,104.57142857142857,111.0,18.0,200.0,2022-10-11,2023-09-22,14,3.0714285714285716,1,1. Occasionnel
4026,15,1484.0,98.93333333333334,94.0,10.0,185.0,2022-10-15,2023-08-20,15,3.3,1,1. Occasionnel
3971,15,1493.0,99.53333333333333,107.0,26.0,180.0,2022-10-11,2023-08-29,11,2.9818181818181815,2,2. Regulier
4032,16,1500.0,93.75,73.0,22.0,199.0,2022-10-03,2023-09-12,14,2.9,2,2. Regulier
4095,17,1520.0,89.41176470588235,77.0,10.0,199.0,2022-10-25,2023-09-14,16,2.83125,2,2. Regulier
4064,14,1525.0,108.92857142857143,129.5,12.0,192.0,2022-10-08,2023-08-13,13,3.3846153846153846,2,2. Regulier
4025,12,1530.0,127.5,128.5,31.0,195.0,2022-10-02,2023-09-25,11,2.790909090909091,2,2. Regulier
4037,13,1572.0,120.92307692307692,139.0,28.0,194.0,2022-11-05,2023-09-13,12,3.341666666666667,2,2. Regulier
4045,14,1572.0,112.28571428571429,127.5,13.0,198.0,2022-11-29,2023-09-01,13,2.8999999999999995,2,2. Regulier
3963,14,1592.0,113.71428571428571,118.0,42.0,184.0,2022-10-04,2023-09-20,12,2.9583333333333335,2,2. Regulier
4098,17,1595.0,93.82352941176471,99.0,18.0,175.0,2022-10-08,2023-09-21,15,2.906666666666667,2,2. Regulier
3962,13,1617.0,124.38461538461539,148.0,11.0,190.0,2022-10-08,2023-09-25,10,2.3500000000000005,2,2. Regulier
4003,14,1641.0,117.21428571428571,118.0,46.0,186.0,2022-12-29,2023-09-30,14,2.792857142857143,2,2. Regulier
3993,15,1642.0,109.46666666666667,113.0,23.0,176.0,2022-10-08,2023-09-27,11,3.2272727272727266,2,2. Regulier
3966,13,1644.0,126.46153846153847,143.0,24.0,196.0,2022-10-04,2023-09-17,11,3.063636363636364,2,2. Regulier
4020,13,1644.0,126.46153846153847,145.0,15.0,197.0,2022-10-03,2023-09-26,12,2.6,2,2. Regulier
4059,17,1664.0,97.88235294117646,82.0,21.0,186.0,2022-10-23,2023-09-30,15,2.7933333333333334,2,2. Regulier
4094,15,1667.0,111.13333333333334,127.0,17.0,199.0,2022-10-11,2023-08-19,15,2.96,2,2. Regulier
4091,14,1672.0,119.42857142857143,138.0,22.0,196.0,2022-10-15,2023-08-19,13,3.1461538461538465,2,2. Regulier
3979,15,1675.0,111.66666666666667,128.0,13.0,190.0,2022-10-22,2023-09-08,15,2.6600000000000006,2,2. Regulier
4057,18,1680.0,93.33333333333333,92.0,11.0,194.0,2022-10-09,2023-09-28,15,2.906666666666667,2,2. Regulier
3998,14,1732.0,123.71428571428571,120.5,43.0,194.0,2022-11-06,2023-09-23,14,2.621428571428571,2,2. Regulier
4011,17,1732.0,101.88235294117646,118.0,32.0,200.0,2022-11-11,2023-09-29,12,3.3833333333333333,2,2. Regulier
4100,15,1748.0,116.53333333333333,110.0,13.0,199.0,2022-11-04,2023-09-23,14,2.9928571428571424,2,2. Regulier
4048,16,1762.0,110.125,122.0,17.0,188.0,2022-10-03,2023-08-28,15,2.9666666666666672,2,2. Regulier
4063,18,1774.0,98.55555555555556,95.0,10.0,179.0,2022-11-08,2023-09-18,17,3.3352941176470585,2,2. Regulier
3995,18,1788.0,99.33333333333333,74.0,16.0,191.0,2022-11-03,2023-09-20,17,3.105882352941176,2,2. Regulier
4093,18,1792.0,99.55555555555556,96.0,24.0,193.0,2022-10-02,2023-09-24,17,2.552941176470588,2,2. Regulier
3987,16,1797.0,112.3125,105.0,25.0,194.0,2022-10-28,2023-09-01,16,2.7312499999999997,2,2. Regulier
4074,18,1798.0,99.88888888888889,94.0,25.0,177.0,2022-10-05,2023-09-22,18,2.7944444444444443,2,2. Regulier
3961,17,1811.0,106.52941176470588,112.0,19.0,191.0,2022-10-07,2023-08-29,15,2.58,2,2. Regulier
4047,17,1836.0,108.0,107.0,25.0,197.0,2022-10-05,2023-08-26,16,2.6,2,2. Regulier
3964,17,1841.0,108.29411764705883,110.0,39.0,191.0,2022-11-09,2023-09-15,15,2.7866666666666675,2,2. Regulier
4053,13,1843.0,141.76923076923077,159.0,30.0,200.0,2022-11-02,2023-08-31,12,3.0749999999999997,2,2. Regulier
4104,15,1845.0,123.0,123.0,19.0,200.0,2022-12-22,2023-09-30,15,2.766666666666666,2,2. Regulier
4005,16,1847.0,115.4375,106.0,38.0,198.0,2022-10-13,2023-10-01,15,3.2266666666666666,2,2. Regulier
4072,17,1848.0,108.70588235294117,136.0,18.0,197.0,2022-10-15,2023-09-22,16,3.2875000000000005,2,2. Regulier
4086,18,1851.0,102.83333333333333,113.5,14.0,187.0,2022-10-15,2023-09-07,18,3.3333333333333335,2,2. Regulier
4036,13,1856.0,142.76923076923077,135.0,96.0,197.0,2022-10-10,2023-09-25,11,3.3181818181818175,2,2. Regulier
4090,19,1862.0,98.0,80.0,25.0,195.0,2022-10-24,2023-09-29,17,2.7352941176470598,2,2. Regulier
3999,19,1871.0,98.47368421052632,90.0,17.0,173.0,2022-10-15,2023-09-15,17,2.870588235294118,2,2. Regulier
4043,15,1899.0,126.6,148.0,13.0,192.0,2022-10-06,2023-09-17,15,2.9,2,2. Regulier
4118,19,1899.0,99.94736842105263,111.0,17.0,173.0,2022-10-14,2023-09-14,17,3.0882352941176476,2,2. Regulier
4029,22,1912.0,86.9090909090909,68.5,13.0,183.0,2022-10-04,2023-10-01,20,2.76,2,2. Regulier
3965,18,1918.0,106.55555555555556,112.0,23.0,200.0,2022-10-03,2023-09-28,15,2.5533333333333337,3,3. Fidele
3990,19,1925.0,101.3157894736842,97.0,20.0,187.0,2022-10-07,2023-09-11,16,3.21875,3,3. Fidele
4092,15,1940.0,129.33333333333334,148.0,13.0,200.0,2022-10-02,2023-09-06,14,2.792857142857143,3,3. Fidele
4023,17,1951.0,114.76470588235294,132.0,23.0,194.0,2022-10-27,2023-08-21,17,3.3117647058823527,3,3. Fidele
4106,17,1952.0,114.82352941176471,111.0,33.0,184.0,2022-10-19,2023-09-07,16,3.1312499999999996,3,3. Fidele
4105,22,1958.0,89.0,76.5,12.0,189.0,2022-10-20,2023-09-08,18,2.8555555555555556,3,3. Fidele
3967,19,1963.0,103.3157894736842,100.0,12.0,188.0,2022-10-06,2023-09-26,18,3.4833333333333325,3,3. Fidele
4000,22,1965.0,89.31818181818181,74.5,12.0,190.0,2022-10-26,2023-10-01,17,3.588235294117647,3,3. Fidele
4116,17,1968.0,115.76470588235294,124.0,10.0,192.0,2022-10-10,2023-09-18,16,3.0875000000000004,3,3. Fidele
4088,18,1970.0,109.44444444444444,122.5,14.0,180.0,2022-10-07,2023-09-25,15,3.386666666666667,3,3. Fidele
4056,19,1976.0,104.0,87.0,20.0,198.0,2022-11-19,2023-07-28,15,2.7733333333333334,3,3. Fidele
4117,20,1998.0,99.9,107.0,10.0,193.0,2022-10-07,2023-09-13,19,2.6,3,3. Fidele
4006,21,2012.0,95.80952380952381,71.0,14.0,200.0,2022-10-03,2023-09-28,18,2.8499999999999996,3,3. Fidele
4071,16,2016.0,126.0,143.0,10.0,193.0,2022-10-02,2023-08-23,14,2.75,3,3. Fidele
4121,17,2035.0,119.70588235294117,132.0,11.0,198.0,2022-10-08,2023-07-30,13,3.0538461538461537,3,3. Fidele
3959,19,2047.0,107.73684210526316,119.0,18.0,193.0,2022-11-02,2023-08-14,17,3.0529411764705876,3,3. Fidele
4113,18,2051.0,113.94444444444444,134.5,10.0,200.0,2022-10-11,2023-09-15,16,2.9437500000000005,3,3. Fidele
4049,19,2069.0,108.89473684210526,125.0,28.0,180.0,2022-10-13,2023-09-28,15,2.713333333333333,3,3. Fidele
3985,20,2076.0,103.8,111.0,19.0,175.0,2022-10-05,2023-09-24,19,2.7473684210526317,3,3. Fidele
4120,18,2081.0,115.61111111111111,114.5,14.0,192.0,2022-10-17,2023-09-30,16,2.8875,3,3. Fidele
4107,18,2083.0,115.72222222222223,111.0,19.0,192.0,2022-10-28,2023-07-27,17,2.7117647058823526,3,3. Fidele
4051,21,2093.0,99.66666666666667,105.0,10.0,188.0,2022-10-31,2023-09-24,20,2.675,3,3. Fidele
4008,21,2094.0,99.71428571428571,117.0,10.0,200.0,2022-10-02,2023-08-16,20,3.14,3,3. Fidele
3982,16,2109.0,131.8125,145.5,44.0,198.0,2022-11-22,2023-09-12,12,2.8499999999999996,3,3. Fidele
3989,20,2134.0,106.7,124.5,20.0,198.0,2022-11-06,2023-09-13,18,3.5166666666666666,3,3. Fidele
4052,19,2145.0,112.89473684210526,129.0,14.0,175.0,2022-10-15,2023-09-18,19,2.642105263157895,3,3. Fidele
3994,20,2201.0,110.05,116.0,23.0,200.0,2022-10-18,2023-09-10,19,2.5578947368421048,3,3. Fidele
3988,19,2202.0,115.89473684210526,104.0,11.0,200.0,2022-10-19,2023-09-24,17,2.9823529411764707,3,3. Fidele
4031,17,2219.0,130.52941176470588,153.0,11.0,193.0,2022-10-10,2023-08-25,16,2.55625,3,3. Fidele
4042,20,2221.0,111.05,126.5,19.0,199.0,2022-11-12,2023-09-03,19,3.157894736842105,3,3. Fidele
3992,21,2238.0,106.57142857142857,113.0,21.0,179.0,2022-10-04,2023-09-22,19,3.126315789473684,3,3. Fidele
4084,21,2292.0,109.14285714285714,106.0,17.0,190.0,2022-10-12,2023-08-31,20,2.745,3,3. Fidele
3968,23,2321.0,100.91304347826087,95.0,17.0,194.0,2022-10-05,2023-09-21,20,2.6550000000000002,3,3. Fidele
4033,18,2338.0,129.88888888888889,137.0,32.0,198.0,2022-10-24,2023-08-31,13,3.0461538461538464,3,3. Fidele
3970,21,2341.0,111.47619047619048,117.0,19.0,191.0,2022-12-12,2023-09-21,18,3.0666666666666664,3,3. Fidele
4111,22,2341.0,106.4090909090909,109.5,31.0,190.0,2022-10-06,2023-09-15,22,3.0454545454545454,3,3. Fidele
4077,19,2374.0,124.94736842105263,152.0,18.0,197.0,2022-11-10,2023-09-03,18,3.0666666666666673,3,3. Fidele
4034,21,2524.0,120.19047619047619,119.0,28.0,192.0,2022-10-09,2023-09-07,20,2.4449999999999994,3,3. Fidele
4073,23,2536.0,110.26086956521739,120.0,20.0,198.0,2022-10-07,2023-09-30,23,3.0130434782608693,3,3. Fidele
4082,21,2690.0,128.0952380952381,147.0,10.0,198.0,2022-10-18,2023-09-14,20,3.0699999999999994,3,3. Fidele
4065,24,2857.0,119.04166666666667,138.0,11.0,199.0,2022-10-09,2023-09-25,21,2.619047619047619,3,3. Fidele
4078,28,3046.0,108.78571428571429,103.5,12.0,199.0,2022-10-05,2023-09-26,25,3.28,4,4. VIP
3978,24,3110.0,129.58333333333334,142.5,32.0,196.0,2022-10-14,2023-09-28,23,3.347826086956522,4,4. VIP
4096,10,3293.0,329.3,103.0,17.0,2383.0,2022-10-17,2023-09-30,8,3.525,4,4. VIP
4012,11,3432.0,312.0,132.0,23.0,2379.0,2022-10-14,2023-09-18,11,3.2181818181818187,4,4. VIP
4019,14,3598.0,257.0,131.5,19.0,2102.0,2022-10-10,2023-09-30,10,3.46,4,4. VIP
3997,14,3889.0,277.7857142857143,66.0,10.0,3003.0,2022-10-15,2023-09-05,12,3.9583333333333335,4,4. VIP
4097,8,3926.0,490.75,152.5,11.0,3126.0,2022-10-10,2023-06-07,8,3.6125000000000003,4,4. VIP
3974,19,3974.0,209.1578947368421,115.0,10.0,2026.0,2022-10-20,2023-09-29,15,2.9533333333333336,4,4. VIP
4102,19,4085.0,215.0,105.0,17.0,2130.0,2022-10-31,2023-09-07,18,3.1,4,4. VIP
4055,15,4128.0,275.2,136.0,14.0,2571.0,2022-10-31,2023-09-17,12,2.983333333333334,4,4. VIP
4083,17,4275.0,251.47058823529412,115.0,18.0,2636.0,2022-10-04,2023-09-08,15,3.266666666666666,4,4. VIP
3980,20,4361.0,218.05,96.0,16.0,2418.0,2022-10-04,2023-08-30,16,3.50625,4,4. VIP
4080,14,4371.0,312.2142857142857,129.5,29.0,2914.0,2022-11-03,2023-09-22,12,3.4583333333333326,4,4. VIP
4110,21,4467.0,212.71428571428572,86.0,33.0,2653.0,2022-10-04,2023-10-01,20,3.47,4,4. VIP
4081,24,4517.0,188.20833333333334,118.0,20.0,2108.0,2022-10-03,2023-09-22,21,2.8380952380952387,4,4. VIP
4115,22,4807.0,218.5,148.5,11.0,2456.0,2022-10-08,2023-09-20,18,3.1722222222222225,4,4. VIP
3972,18,4938.0,274.3333333333333,99.5,19.0,3378.0,2022-10-26,2023-07-16,18,3.4,4,4. VIP
4001,21,4942.0,235.33333333333334,98.0,10.0,2952.0,2022-10-10,2023-09-17,18,2.8944444444444444,4,4. VIP
4070,21,4964.0,236.38095238095238,93.0,43.0,2902.0,2022-10-04,2023-09-05,18,2.7500000000000004,4,4. VIP
4017,22,5012.0,227.8181818181818,100.5,23.0,2895.0,2022-10-28,2023-09-28,20,3.2550000000000003,4,4. VIP
4060,17,5033.0,296.05882352941177,147.0,21.0,3139.0,2022-10-17,2023-09-26,17,3.058823529411765,4,4. VIP
3973,25,5092.0,203.68,120.0,21.0,2419.0,2022-10-03,2023-09-04,24,2.9083333333333328,4,4. VIP
3981,13,5096.0,392.0,114.0,33.0,3718.0,2022-10-11,2023-09-10,13,3.1923076923076916,4,4. VIP
4035,12,5151.0,429.25,48.5,14.0,4413.0,2022-11-15,2023-07-26,8,3.4625,4,4. VIP
4054,16,5315.0,332.1875,141.5,12.0,3393.0,2022-11-29,2023-09-07,12,3.0083333333333333,4,4. VIP
4122,28,5652.0,201.85714285714286,111.5,27.0,2881.0,2022-10-08,2023-09-29,24,3.245833333333333,4,4. VIP
4018,15,5805.0,387.0,91.0,30.0,4619.0,2022-10-18,2023-08-15,13,3.3384615384615395,4,4. VIP
4068,23,5827.0,253.34782608695653,89.0,12.0,3728.0,2022-10-14,2023-09-14,22,2.518181818181818,4,4. VIP
4099,16,6002.0,375.125,116.5,31.0,4232.0,2022-10-25,2023-09-16,16,2.9874999999999994,4,4. VIP
3986,20,6097.0,304.85,99.5,12.0,4298.0,2022-10-12,2023-09-25,18,2.833333333333334,4,4. VIP
3976,18,6161.0,342.27777777777777,135.0,31.0,4069.0,2022-12-11,2023-09-28,15,3.1533333333333333,4,4. VIP
4002,22,6320.0,287.27272727272725,124.0,11.0,3839.0,2022-10-12,2023-08-09,22,2.709090909090909,4,4. VIP
3984,14,6327.0,451.92857142857144,135.5,10.0,4859.0,2022-11-25,2023-08-25,14,3.607142857142857,4,4. VIP
4103,20,6375.0,318.75,97.0,31.0,4465.0,2022-10-13,2023-09-20,19,2.9526315789473685,4,4. VIP
4010,19,6513.0,342.7894736842105,153.0,23.0,4233.0,2022-10-21,2023-08-31,15,3.0066666666666673,4,4. VIP
4067,20,6528.0,326.4,107.5,18.0,4418.0,2022-11-12,2023-08-27,20,3.2299999999999995,4,4. VIP
4108,19,6864.0,361.2631578947368,125.0,22.0,2814.0,2022-10-02,2023-10-01,18,2.961111111111111,4,4. VIP
4075,25,7416.0,296.64,117.0,23.0,4661.0,2022-10-03,2023-09-25,23,2.9391304347826086,4,4. VIP
4044,18,8745.0,485.8333333333333,139.5,33.0,4771.0,2022-11-15,2023-08-24,18,3.3833333333333333,4,4. VIP
4040,18,9657.0,536.5,116.0,22.0,4872.0,2022-11-22,2023-09-27,17,2.7235294117647064,4,4. VIP
4109,13,9685.0,745.0,101.0,17.0,4932.0,2022-10-18,2023-09-30,9,2.7,4,4. VIP
