date_key,date_jour,annee,trimestre,mois,mois_nom,jour,semaine_iso,jour_semaine_num,jour_semaine_nom,est_weekend,annee_mois,annee_trimestre,debut_mois,debut_semaine
20221002,2022-10-02,2022,4,10,October,2,39,7,Sunday,true,2022-10,2022-T4,2022-10-01,2022-09-26
20221003,2022-10-03,2022,4,10,October,3,40,1,Monday,false,2022-10,2022-T4,2022-10-01,2022-10-03
20221004,2022-10-04,2022,4,10,October,4,40,2,Tuesday,false,2022-10,2022-T4,2022-10-01,2022-10-03
20221005,2022-10-05,2022,4,10,October,5,40,3,Wednesday,false,2022-10,2022-T4,2022-10-01,2022-10-03
20221006,2022-10-06,2022,4,10,October,6,40,4,Thursday,false,2022-10,2022-T4,2022-10-01,2022-10-03
20221007,2022-10-07,2022,4,10,October,7,40,5,Friday,false,2022-10,2022-T4,2022-10-01,2022-10-03
20221008,2022-10-08,2022,4,10,October,8,40,6,Saturday,true,2022-10,2022-T4,2022-10-01,2022-10-03
20221009,2022-10-09,2022,4,10,October,9,40,7,Sunday,true,2022-10,2022-T4,2022-10-01,2022-10-03
20221010,2022-10-10,2022,4,10,October,10,41,1,Monday,false,2022-10,2022-T4,2022-10-01,2022-10-10
20221011,2022-10-11,2022,4,10,October,11,41,2,Tuesday,false,2022-10,2022-T4,2022-10-01,2022-10-10
20221012,2022-10-12,2022,4,10,October,12,41,3,Wednesday,false,2022-10,2022-T4,2022-10-01,2022-10-10
20221013,2022-10-13,2022,4,10,October,13,41,4,Thursday,false,2022-10,2022-T4,2022-10-01,2022-10-10
20221014,2022-10-14,2022,4,10,October,14,41,5,Friday,false,2022-10,2022-T4,2022-10-01,2022-10-10
20221015,2022-10-15,2022,4,10,October,15,41,6,Saturday,true,2022-10,2022-T4,2022-10-01,2022-10-10
20221016,2022-10-16,2022,4,10,October,16,41,7,Sunday,true,2022-10,2022-T4,2022-10-01,2022-10-10
20221017,2022-10-17,2022,4,10,October,17,42,1,Monday,false,2022-10,2022-T4,2022-10-01,2022-10-17
20221018,2022-10-18,2022,4,10,October,18,42,2,Tuesday,false,2022-10,2022-T4,2022-10-01,2022-10-17
20221019,2022-10-19,2022,4,10,October,19,42,3,Wednesday,false,2022-10,2022-T4,2022-10-01,2022-10-17
20221020,2022-10-20,2022,4,10,October,20,42,4,Thursday,false,2022-10,2022-T4,2022-10-01,2022-10-17
20221021,2022-10-21,2022,4,10,October,21,42,5,Friday,false,2022-10,2022-T4,2022-10-01,2022-10-17
20221022,2022-10-22,2022,4,10,October,22,42,6,Saturday,true,2022-10,2022-T4,2022-10-01,2022-10-17
20221023,2022-10-23,2022,4,10,October,23,42,7,Sunday,true,2022-10,2022-T4,2022-10-01,2022-10-17
20221024,2022-10-24,2022,4,10,October,24,43,1,Monday,false,2022-10,2022-T4,2022-10-01,2022-10-24
20221025,2022-10-25,2022,4,10,October,25,43,2,Tuesday,false,2022-10,2022-T4,2022-10-01,2022-10-24
20221026,2022-10-26,2022,4,10,October,26,43,3,Wednesday,false,2022-10,2022-T4,2022-10-01,2022-10-24
20221027,2022-10-27,2022,4,10,October,27,43,4,Thursday,false,2022-10,2022-T4,2022-10-01,2022-10-24
20221028,2022-10-28,2022,4,10,October,28,43,5,Friday,false,2022-10,2022-T4,2022-10-01,2022-10-24
20221029,2022-10-29,2022,4,10,October,29,43,6,Saturday,true,2022-10,2022-T4,2022-10-01,2022-10-24
20221030,2022-10-30,2022,4,10,October,30,43,7,Sunday,true,2022-10,2022-T4,2022-10-01,2022-10-24
20221031,2022-10-31,2022,4,10,October,31,44,1,Monday,false,2022-10,2022-T4,2022-10-01,2022-10-31
20221101,2022-11-01,2022,4,11,November,1,44,2,Tuesday,false,2022-11,2022-T4,2022-11-01,2022-10-31
20221102,2022-11-02,2022,4,11,November,2,44,3,Wednesday,false,2022-11,2022-T4,2022-11-01,2022-10-31
20221103,2022-11-03,2022,4,11,November,3,44,4,Thursday,false,2022-11,2022-T4,2022-11-01,2022-10-31
20221104,2022-11-04,2022,4,11,November,4,44,5,Friday,false,2022-11,2022-T4,2022-11-01,2022-10-31
20221105,2022-11-05,2022,4,11,November,5,44,6,Saturday,true,2022-11,2022-T4,2022-11-01,2022-10-31
20221106,2022-11-06,2022,4,11,November,6,44,7,Sunday,true,2022-11,2022-T4,2022-11-01,2022-10-31
20221107,2022-11-07,2022,4,11,November,7,45,1,Monday,false,2022-11,2022-T4,2022-11-01,2022-11-07
20221108,2022-11-08,2022,4,11,November,8,45,2,Tuesday,false,2022-11,2022-T4,2022-11-01,2022-11-07
20221109,2022-11-09,2022,4,11,November,9,45,3,Wednesday,false,2022-11,2022-T4,2022-11-01,2022-11-07
20221110,2022-11-10,2022,4,11,November,10,45,4,Thursday,false,2022-11,2022-T4,2022-11-01,2022-11-07
20221111,2022-11-11,2022,4,11,November,11,45,5,Friday,false,2022-11,2022-T4,2022-11-01,2022-11-07
20221112,2022-11-12,2022,4,11,November,12,45,6,Saturday,true,2022-11,2022-T4,2022-11-01,2022-11-07
20221113,2022-11-13,2022,4,11,November,13,45,7,Sunday,true,2022-11,2022-T4,2022-11-01,2022-11-07
20221114,2022-11-14,2022,4,11,November,14,46,1,Monday,false,2022-11,2022-T4,2022-11-01,2022-11-14
20221115,2022-11-15,2022,4,11,November,15,46,2,Tuesday,false,2022-11,2022-T4,2022-11-01,2022-11-14
20221116,2022-11-16,2022,4,11,November,16,46,3,Wednesday,false,2022-11,2022-T4,2022-11-01,2022-11-14
20221117,2022-11-17,2022,4,11,November,17,46,4,Thursday,false,2022-11,2022-T4,2022-11-01,2022-11-14
20221118,2022-11-18,2022,4,11,November,18,46,5,Friday,false,2022-11,2022-T4,2022-11-01,2022-11-14
20221119,2022-11-19,2022,4,11,November,19,46,6,Saturday,true,2022-11,2022-T4,2022-11-01,2022-11-14
20221120,2022-11-20,2022,4,11,November,20,46,7,Sunday,true,2022-11,2022-T4,2022-11-01,2022-11-14
20221121,2022-11-21,2022,4,11,November,21,47,1,Monday,false,2022-11,2022-T4,2022-11-01,2022-11-21
20221122,2022-11-22,2022,4,11,November,22,47,2,Tuesday,false,2022-11,2022-T4,2022-11-01,2022-11-21
20221123,2022-11-23,2022,4,11,November,23,47,3,Wednesday,false,2022-11,2022-T4,2022-11-01,2022-11-21
20221124,2022-11-24,2022,4,11,November,24,47,4,Thursday,false,2022-11,2022-T4,2022-11-01,2022-11-21
20221125,2022-11-25,2022,4,11,November,25,47,5,Friday,false,2022-11,2022-T4,2022-11-01,2022-11-21
20221126,2022-11-26,2022,4,11,November,26,47,6,Saturday,true,2022-11,2022-T4,2022-11-01,2022-11-21
20221127,2022-11-27,2022,4,11,November,27,47,7,Sunday,true,2022-11,2022-T4,2022-11-01,2022-11-21
20221128,2022-11-28,2022,4,11,November,28,48,1,Monday,false,2022-11,2022-T4,2022-11-01,2022-11-28
20221129,2022-11-29,2022,4,11,November,29,48,2,Tuesday,false,2022-11,2022-T4,2022-11-01,2022-11-28
20221130,2022-11-30,2022,4,11,November,30,48,3,Wednesday,false,2022-11,2022-T4,2022-11-01,2022-11-28
20221201,2022-12-01,2022,4,12,December,1,48,4,Thursday,false,2022-12,2022-T4,2022-12-01,2022-11-28
20221202,2022-12-02,2022,4,12,December,2,48,5,Friday,false,2022-12,2022-T4,2022-12-01,2022-11-28
20221203,2022-12-03,2022,4,12,December,3,48,6,Saturday,true,2022-12,2022-T4,2022-12-01,2022-11-28
20221204,2022-12-04,2022,4,12,December,4,48,7,Sunday,true,2022-12,2022-T4,2022-12-01,2022-11-28
20221205,2022-12-05,2022,4,12,December,5,49,1,Monday,false,2022-12,2022-T4,2022-12-01,2022-12-05
20221206,2022-12-06,2022,4,12,December,6,49,2,Tuesday,false,2022-12,2022-T4,2022-12-01,2022-12-05
20221207,2022-12-07,2022,4,12,December,7,49,3,Wednesday,false,2022-12,2022-T4,2022-12-01,2022-12-05
20221208,2022-12-08,2022,4,12,December,8,49,4,Thursday,false,2022-12,2022-T4,2022-12-01,2022-12-05
20221209,2022-12-09,2022,4,12,December,9,49,5,Friday,false,2022-12,2022-T4,2022-12-01,2022-12-05
20221210,2022-12-10,2022,4,12,December,10,49,6,Saturday,true,2022-12,2022-T4,2022-12-01,2022-12-05
20221211,2022-12-11,2022,4,12,December,11,49,7,Sunday,true,2022-12,2022-T4,2022-12-01,2022-12-05
20221212,2022-12-12,2022,4,12,December,12,50,1,Monday,false,2022-12,2022-T4,2022-12-01,2022-12-12
20221213,2022-12-13,2022,4,12,December,13,50,2,Tuesday,false,2022-12,2022-T4,2022-12-01,2022-12-12
20221214,2022-12-14,2022,4,12,December,14,50,3,Wednesday,false,2022-12,2022-T4,2022-12-01,2022-12-12
20221215,2022-12-15,2022,4,12,December,15,50,4,Thursday,false,2022-12,2022-T4,2022-12-01,2022-12-12
20221216,2022-12-16,2022,4,12,December,16,50,5,Friday,false,2022-12,2022-T4,2022-12-01,2022-12-12
20221217,2022-12-17,2022,4,12,December,17,50,6,Saturday,true,2022-12,2022-T4,2022-12-01,2022-12-12
20221218,2022-12-18,2022,4,12,December,18,50,7,Sunday,true,2022-12,2022-T4,2022-12-01,2022-12-12
20221219,2022-12-19,2022,4,12,December,19,51,1,Monday,false,2022-12,2022-T4,2022-12-01,2022-12-19
20221220,2022-12-20,2022,4,12,December,20,51,2,Tuesday,false,2022-12,2022-T4,2022-12-01,2022-12-19
20221221,2022-12-21,2022,4,12,December,21,51,3,Wednesday,false,2022-12,2022-T4,2022-12-01,2022-12-19
20221222,2022-12-22,2022,4,12,December,22,51,4,Thursday,false,2022-12,2022-T4,2022-12-01,2022-12-19
20221223,2022-12-23,2022,4,12,December,23,51,5,Friday,false,2022-12,2022-T4,2022-12-01,2022-12-19
20221224,2022-12-24,2022,4,12,December,24,51,6,Saturday,true,2022-12,2022-T4,2022-12-01,2022-12-19
20221225,2022-12-25,2022,4,12,December,25,51,7,Sunday,true,2022-12,2022-T4,2022-12-01,2022-12-19
20221226,2022-12-26,2022,4,12,December,26,52,1,Monday,false,2022-12,2022-T4,2022-12-01,2022-12-26
20221227,2022-12-27,2022,4,12,December,27,52,2,Tuesday,false,2022-12,2022-T4,2022-12-01,2022-12-26
20221228,2022-12-28,2022,4,12,December,28,52,3,Wednesday,false,2022-12,2022-T4,2022-12-01,2022-12-26
20221229,2022-12-29,2022,4,12,December,29,52,4,Thursday,false,2022-12,2022-T4,2022-12-01,2022-12-26
20221230,2022-12-30,2022,4,12,December,30,52,5,Friday,false,2022-12,2022-T4,2022-12-01,2022-12-26
20221231,2022-12-31,2022,4,12,December,31,52,6,Saturday,true,2022-12,2022-T4,2022-12-01,2022-12-26
20230101,2023-01-01,2023,1,1,January,1,52,7,Sunday,true,2023-01,2023-T1,2023-01-01,2022-12-26
20230102,2023-01-02,2023,1,1,January,2,1,1,Monday,false,2023-01,2023-T1,2023-01-01,2023-01-02
20230103,2023-01-03,2023,1,1,January,3,1,2,Tuesday,false,2023-01,2023-T1,2023-01-01,2023-01-02
20230104,2023-01-04,2023,1,1,January,4,1,3,Wednesday,false,2023-01,2023-T1,2023-01-01,2023-01-02
20230105,2023-01-05,2023,1,1,January,5,1,4,Thursday,false,2023-01,2023-T1,2023-01-01,2023-01-02
20230106,2023-01-06,2023,1,1,January,6,1,5,Friday,false,2023-01,2023-T1,2023-01-01,2023-01-02
20230107,2023-01-07,2023,1,1,January,7,1,6,Saturday,true,2023-01,2023-T1,2023-01-01,2023-01-02
20230108,2023-01-08,2023,1,1,January,8,1,7,Sunday,true,2023-01,2023-T1,2023-01-01,2023-01-02
20230109,2023-01-09,2023,1,1,January,9,2,1,Monday,false,2023-01,2023-T1,2023-01-01,2023-01-09
20230110,2023-01-10,2023,1,1,January,10,2,2,Tuesday,false,2023-01,2023-T1,2023-01-01,2023-01-09
20230111,2023-01-11,2023,1,1,January,11,2,3,Wednesday,false,2023-01,2023-T1,2023-01-01,2023-01-09
20230112,2023-01-12,2023,1,1,January,12,2,4,Thursday,false,2023-01,2023-T1,2023-01-01,2023-01-09
20230113,2023-01-13,2023,1,1,January,13,2,5,Friday,false,2023-01,2023-T1,2023-01-01,2023-01-09
20230114,2023-01-14,2023,1,1,January,14,2,6,Saturday,true,2023-01,2023-T1,2023-01-01,2023-01-09
20230115,2023-01-15,2023,1,1,January,15,2,7,Sunday,true,2023-01,2023-T1,2023-01-01,2023-01-09
20230116,2023-01-16,2023,1,1,January,16,3,1,Monday,false,2023-01,2023-T1,2023-01-01,2023-01-16
20230117,2023-01-17,2023,1,1,January,17,3,2,Tuesday,false,2023-01,2023-T1,2023-01-01,2023-01-16
20230118,2023-01-18,2023,1,1,January,18,3,3,Wednesday,false,2023-01,2023-T1,2023-01-01,2023-01-16
20230119,2023-01-19,2023,1,1,January,19,3,4,Thursday,false,2023-01,2023-T1,2023-01-01,2023-01-16
20230120,2023-01-20,2023,1,1,January,20,3,5,Friday,false,2023-01,2023-T1,2023-01-01,2023-01-16
20230121,2023-01-21,2023,1,1,January,21,3,6,Saturday,true,2023-01,2023-T1,2023-01-01,2023-01-16
20230122,2023-01-22,2023,1,1,January,22,3,7,Sunday,true,2023-01,2023-T1,2023-01-01,2023-01-16
20230123,2023-01-23,2023,1,1,January,23,4,1,Monday,false,2023-01,2023-T1,2023-01-01,2023-01-23
20230124,2023-01-24,2023,1,1,January,24,4,2,Tuesday,false,2023-01,2023-T1,2023-01-01,2023-01-23
20230125,2023-01-25,2023,1,1,January,25,4,3,Wednesday,false,2023-01,2023-T1,2023-01-01,2023-01-23
20230126,2023-01-26,2023,1,1,January,26,4,4,Thursday,false,2023-01,2023-T1,2023-01-01,2023-01-23
20230127,2023-01-27,2023,1,1,January,27,4,5,Friday,false,2023-01,2023-T1,2023-01-01,2023-01-23
20230128,2023-01-28,2023,1,1,January,28,4,6,Saturday,true,2023-01,2023-T1,2023-01-01,2023-01-23
20230129,2023-01-29,2023,1,1,January,29,4,7,Sunday,true,2023-01,2023-T1,2023-01-01,2023-01-23
20230130,2023-01-30,2023,1,1,January,30,5,1,Monday,false,2023-01,2023-T1,2023-01-01,2023-01-30
20230131,2023-01-31,2023,1,1,January,31,5,2,Tuesday,false,2023-01,2023-T1,2023-01-01,2023-01-30
20230201,2023-02-01,2023,1,2,February,1,5,3,Wednesday,false,2023-02,2023-T1,2023-02-01,2023-01-30
20230202,2023-02-02,2023,1,2,February,2,5,4,Thursday,false,2023-02,2023-T1,2023-02-01,2023-01-30
20230203,2023-02-03,2023,1,2,February,3,5,5,Friday,false,2023-02,2023-T1,2023-02-01,2023-01-30
20230204,2023-02-04,2023,1,2,February,4,5,6,Saturday,true,2023-02,2023-T1,2023-02-01,2023-01-30
20230205,2023-02-05,2023,1,2,February,5,5,7,Sunday,true,2023-02,2023-T1,2023-02-01,2023-01-30
20230206,2023-02-06,2023,1,2,February,6,6,1,Monday,false,2023-02,2023-T1,2023-02-01,2023-02-06
20230207,2023-02-07,2023,1,2,February,7,6,2,Tuesday,false,2023-02,2023-T1,2023-02-01,2023-02-06
20230208,2023-02-08,2023,1,2,February,8,6,3,Wednesday,false,2023-02,2023-T1,2023-02-01,2023-02-06
20230209,2023-02-09,2023,1,2,February,9,6,4,Thursday,false,2023-02,2023-T1,2023-02-01,2023-02-06
20230210,2023-02-10,2023,1,2,February,10,6,5,Friday,false,2023-02,2023-T1,2023-02-01,2023-02-06
20230211,2023-02-11,2023,1,2,February,11,6,6,Saturday,true,2023-02,2023-T1,2023-02-01,2023-02-06
20230212,2023-02-12,2023,1,2,February,12,6,7,Sunday,true,2023-02,2023-T1,2023-02-01,2023-02-06
20230213,2023-02-13,2023,1,2,February,13,7,1,Monday,false,2023-02,2023-T1,2023-02-01,2023-02-13
20230214,2023-02-14,2023,1,2,February,14,7,2,Tuesday,false,2023-02,2023-T1,2023-02-01,2023-02-13
20230215,2023-02-15,2023,1,2,February,15,7,3,Wednesday,false,2023-02,2023-T1,2023-02-01,2023-02-13
20230216,2023-02-16,2023,1,2,February,16,7,4,Thursday,false,2023-02,2023-T1,2023-02-01,2023-02-13
20230217,2023-02-17,2023,1,2,February,17,7,5,Friday,false,2023-02,2023-T1,2023-02-01,2023-02-13
20230218,2023-02-18,2023,1,2,February,18,7,6,Saturday,true,2023-02,2023-T1,2023-02-01,2023-02-13
20230219,2023-02-19,2023,1,2,February,19,7,7,Sunday,true,2023-02,2023-T1,2023-02-01,2023-02-13
20230220,2023-02-20,2023,1,2,February,20,8,1,Monday,false,2023-02,2023-T1,2023-02-01,2023-02-20
20230221,2023-02-21,2023,1,2,February,21,8,2,Tuesday,false,2023-02,2023-T1,2023-02-01,2023-02-20
20230222,2023-02-22,2023,1,2,February,22,8,3,Wednesday,false,2023-02,2023-T1,2023-02-01,2023-02-20
20230223,2023-02-23,2023,1,2,February,23,8,4,Thursday,false,2023-02,2023-T1,2023-02-01,2023-02-20
20230224,2023-02-24,2023,1,2,February,24,8,5,Friday,false,2023-02,2023-T1,2023-02-01,2023-02-20
20230225,2023-02-25,2023,1,2,February,25,8,6,Saturday,true,2023-02,2023-T1,2023-02-01,2023-02-20
20230226,2023-02-26,2023,1,2,February,26,8,7,Sunday,true,2023-02,2023-T1,2023-02-01,2023-02-20
20230227,2023-02-27,2023,1,2,February,27,9,1,Monday,false,2023-02,2023-T1,2023-02-01,2023-02-27
20230228,2023-02-28,2023,1,2,February,28,9,2,Tuesday,false,2023-02,2023-T1,2023-02-01,2023-02-27
20230301,2023-03-01,2023,1,3,March,1,9,3,Wednesday,false,2023-03,2023-T1,2023-03-01,2023-02-27
20230302,2023-03-02,2023,1,3,March,2,9,4,Thursday,false,2023-03,2023-T1,2023-03-01,2023-02-27
20230303,2023-03-03,2023,1,3,March,3,9,5,Friday,false,2023-03,2023-T1,2023-03-01,2023-02-27
20230304,2023-03-04,2023,1,3,March,4,9,6,Saturday,true,2023-03,2023-T1,2023-03-01,2023-02-27
20230305,2023-03-05,2023,1,3,March,5,9,7,Sunday,true,2023-03,2023-T1,2023-03-01,2023-02-27
20230306,2023-03-06,2023,1,3,March,6,10,1,Monday,false,2023-03,2023-T1,2023-03-01,2023-03-06
20230307,2023-03-07,2023,1,3,March,7,10,2,Tuesday,false,2023-03,2023-T1,2023-03-01,2023-03-06
20230308,2023-03-08,2023,1,3,March,8,10,3,Wednesday,false,2023-03,2023-T1,2023-03-01,2023-03-06
20230309,2023-03-09,2023,1,3,March,9,10,4,Thursday,false,2023-03,2023-T1,2023-03-01,2023-03-06
20230310,2023-03-10,2023,1,3,March,10,10,5,Friday,false,2023-03,2023-T1,2023-03-01,2023-03-06
20230311,2023-03-11,2023,1,3,March,11,10,6,Saturday,true,2023-03,2023-T1,2023-03-01,2023-03-06
20230312,2023-03-12,2023,1,3,March,12,10,7,Sunday,true,2023-03,2023-T1,2023-03-01,2023-03-06
20230313,2023-03-13,2023,1,3,March,13,11,1,Monday,false,2023-03,2023-T1,2023-03-01,2023-03-13
20230314,2023-03-14,2023,1,3,March,14,11,2,Tuesday,false,2023-03,2023-T1,2023-03-01,2023-03-13
20230315,2023-03-15,2023,1,3,March,15,11,3,Wednesday,false,2023-03,2023-T1,2023-03-01,2023-03-13
20230316,2023-03-16,2023,1,3,March,16,11,4,Thursday,false,2023-03,2023-T1,2023-03-01,2023-03-13
20230317,2023-03-17,2023,1,3,March,17,11,5,Friday,false,2023-03,2023-T1,2023-03-01,2023-03-13
20230318,2023-03-18,2023,1,3,March,18,11,6,Saturday,true,2023-03,2023-T1,2023-03-01,2023-03-13
20230319,2023-03-19,2023,1,3,March,19,11,7,Sunday,true,2023-03,2023-T1,2023-03-01,2023-03-13
20230320,2023-03-20,2023,1,3,March,20,12,1,Monday,false,2023-03,2023-T1,2023-03-01,2023-03-20
20230321,2023-03-21,2023,1,3,March,21,12,2,Tuesday,false,2023-03,2023-T1,2023-03-01,2023-03-20
20230322,2023-03-22,2023,1,3,March,22,12,3,Wednesday,false,2023-03,2023-T1,2023-03-01,2023-03-20
20230323,2023-03-23,2023,1,3,March,23,12,4,Thursday,false,2023-03,2023-T1,2023-03-01,2023-03-20
20230324,2023-03-24,2023,1,3,March,24,12,5,Friday,false,2023-03,2023-T1,2023-03-01,2023-03-20
20230325,2023-03-25,2023,1,3,March,25,12,6,Saturday,true,2023-03,2023-T1,2023-03-01,2023-03-20
20230326,2023-03-26,2023,1,3,March,26,12,7,Sunday,true,2023-03,2023-T1,2023-03-01,2023-03-20
20230327,2023-03-27,2023,1,3,March,27,13,1,Monday,false,2023-03,2023-T1,2023-03-01,2023-03-27
20230328,2023-03-28,2023,1,3,March,28,13,2,Tuesday,false,2023-03,2023-T1,2023-03-01,2023-03-27
20230329,2023-03-29,2023,1,3,March,29,13,3,Wednesday,false,2023-03,2023-T1,2023-03-01,2023-03-27
20230330,2023-03-30,2023,1,3,March,30,13,4,Thursday,false,2023-03,2023-T1,2023-03-01,2023-03-27
20230331,2023-03-31,2023,1,3,March,31,13,5,Friday,false,2023-03,2023-T1,2023-03-01,2023-03-27
20230401,2023-04-01,2023,2,4,April,1,13,6,Saturday,true,2023-04,2023-T2,2023-04-01,2023-03-27
20230402,2023-04-02,2023,2,4,April,2,13,7,Sunday,true,2023-04,2023-T2,2023-04-01,2023-03-27
20230403,2023-04-03,2023,2,4,April,3,14,1,Monday,false,2023-04,2023-T2,2023-04-01,2023-04-03
20230404,2023-04-04,2023,2,4,April,4,14,2,Tuesday,false,2023-04,2023-T2,2023-04-01,2023-04-03
20230405,2023-04-05,2023,2,4,April,5,14,3,Wednesday,false,2023-04,2023-T2,2023-04-01,2023-04-03
20230406,2023-04-06,2023,2,4,April,6,14,4,Thursday,false,2023-04,2023-T2,2023-04-01,2023-04-03
20230407,2023-04-07,2023,2,4,April,7,14,5,Friday,false,2023-04,2023-T2,2023-04-01,2023-04-03
20230408,2023-04-08,2023,2,4,April,8,14,6,Saturday,true,2023-04,2023-T2,2023-04-01,2023-04-03
20230409,2023-04-09,2023,2,4,April,9,14,7,Sunday,true,2023-04,2023-T2,2023-04-01,2023-04-03
20230410,2023-04-10,2023,2,4,April,10,15,1,Monday,false,2023-04,2023-T2,2023-04-01,2023-04-10
20230411,2023-04-11,2023,2,4,April,11,15,2,Tuesday,false,2023-04,2023-T2,2023-04-01,2023-04-10
20230412,2023-04-12,2023,2,4,April,12,15,3,Wednesday,false,2023-04,2023-T2,2023-04-01,2023-04-10
20230413,2023-04-13,2023,2,4,April,13,15,4,Thursday,false,2023-04,2023-T2,2023-04-01,2023-04-10
20230414,2023-04-14,2023,2,4,April,14,15,5,Friday,false,2023-04,2023-T2,2023-04-01,2023-04-10
20230415,2023-04-15,2023,2,4,April,15,15,6,Saturday,true,2023-04,2023-T2,2023-04-01,2023-04-10
20230416,2023-04-16,2023,2,4,April,16,15,7,Sunday,true,2023-04,2023-T2,2023-04-01,2023-04-10
20230417,2023-04-17,2023,2,4,April,17,16,1,Monday,false,2023-04,2023-T2,2023-04-01,2023-04-17
20230418,2023-04-18,2023,2,4,April,18,16,2,Tuesday,false,2023-04,2023-T2,2023-04-01,2023-04-17
20230419,2023-04-19,2023,2,4,April,19,16,3,Wednesday,false,2023-04,2023-T2,2023-04-01,2023-04-17
20230420,2023-04-20,2023,2,4,April,20,16,4,Thursday,false,2023-04,2023-T2,2023-04-01,2023-04-17
20230421,2023-04-21,2023,2,4,April,21,16,5,Friday,false,2023-04,2023-T2,2023-04-01,2023-04-17
20230422,2023-04-22,2023,2,4,April,22,16,6,Saturday,true,2023-04,2023-T2,2023-04-01,2023-04-17
20230423,2023-04-23,2023,2,4,April,23,16,7,Sunday,true,2023-04,2023-T2,2023-04-01,2023-04-17
20230424,2023-04-24,2023,2,4,April,24,17,1,Monday,false,2023-04,2023-T2,2023-04-01,2023-04-24
20230425,2023-04-25,2023,2,4,April,25,17,2,Tuesday,false,2023-04,2023-T2,2023-04-01,2023-04-24
20230426,2023-04-26,2023,2,4,April,26,17,3,Wednesday,false,2023-04,2023-T2,2023-04-01,2023-04-24
20230427,2023-04-27,2023,2,4,April,27,17,4,Thursday,false,2023-04,2023-T2,2023-04-01,2023-04-24
20230428,2023-04-28,2023,2,4,April,28,17,5,Friday,false,2023-04,2023-T2,2023-04-01,2023-04-24
20230429,2023-04-29,2023,2,4,April,29,17,6,Saturday,true,2023-04,2023-T2,2023-04-01,2023-04-24
20230430,2023-04-30,2023,2,4,April,30,17,7,Sunday,true,2023-04,2023-T2,2023-04-01,2023-04-24
20230501,2023-05-01,2023,2,5,May,1,18,1,Monday,false,2023-05,2023-T2,2023-05-01,2023-05-01
20230502,2023-05-02,2023,2,5,May,2,18,2,Tuesday,false,2023-05,2023-T2,2023-05-01,2023-05-01
20230503,2023-05-03,2023,2,5,May,3,18,3,Wednesday,false,2023-05,2023-T2,2023-05-01,2023-05-01
20230504,2023-05-04,2023,2,5,May,4,18,4,Thursday,false,2023-05,2023-T2,2023-05-01,2023-05-01
20230505,2023-05-05,2023,2,5,May,5,18,5,Friday,false,2023-05,2023-T2,2023-05-01,2023-05-01
20230506,2023-05-06,2023,2,5,May,6,18,6,Saturday,true,2023-05,2023-T2,2023-05-01,2023-05-01
20230507,2023-05-07,2023,2,5,May,7,18,7,Sunday,true,2023-05,2023-T2,2023-05-01,2023-05-01
20230508,2023-05-08,2023,2,5,May,8,19,1,Monday,false,2023-05,2023-T2,2023-05-01,2023-05-08
20230509,2023-05-09,2023,2,5,May,9,19,2,Tuesday,false,2023-05,2023-T2,2023-05-01,2023-05-08
20230510,2023-05-10,2023,2,5,May,10,19,3,Wednesday,false,2023-05,2023-T2,2023-05-01,2023-05-08
20230511,2023-05-11,2023,2,5,May,11,19,4,Thursday,false,2023-05,2023-T2,2023-05-01,2023-05-08
20230512,2023-05-12,2023,2,5,May,12,19,5,Friday,false,2023-05,2023-T2,2023-05-01,2023-05-08
20230513,2023-05-13,2023,2,5,May,13,19,6,Saturday,true,2023-05,2023-T2,2023-05-01,2023-05-08
20230514,2023-05-14,2023,2,5,May,14,19,7,Sunday,true,2023-05,2023-T2,2023-05-01,2023-05-08
20230515,2023-05-15,2023,2,5,May,15,20,1,Monday,false,2023-05,2023-T2,2023-05-01,2023-05-15
20230516,2023-05-16,2023,2,5,May,16,20,2,Tuesday,false,2023-05,2023-T2,2023-05-01,2023-05-15
20230517,2023-05-17,2023,2,5,May,17,20,3,Wednesday,false,2023-05,2023-T2,2023-05-01,2023-05-15
20230518,2023-05-18,2023,2,5,May,18,20,4,Thursday,false,2023-05,2023-T2,2023-05-01,2023-05-15
20230519,2023-05-19,2023,2,5,May,19,20,5,Friday,false,2023-05,2023-T2,2023-05-01,2023-05-15
20230520,2023-05-20,2023,2,5,May,20,20,6,Saturday,true,2023-05,2023-T2,2023-05-01,2023-05-15
20230521,2023-05-21,2023,2,5,May,21,20,7,Sunday,true,2023-05,2023-T2,2023-05-01,2023-05-15
20230522,2023-05-22,2023,2,5,May,22,21,1,Monday,false,2023-05,2023-T2,2023-05-01,2023-05-22
20230523,2023-05-23,2023,2,5,May,23,21,2,Tuesday,false,2023-05,2023-T2,2023-05-01,2023-05-22
20230524,2023-05-24,2023,2,5,May,24,21,3,Wednesday,false,2023-05,2023-T2,2023-05-01,2023-05-22
20230525,2023-05-25,2023,2,5,May,25,21,4,Thursday,false,2023-05,2023-T2,2023-05-01,2023-05-22
20230526,2023-05-26,2023,2,5,May,26,21,5,Friday,false,2023-05,2023-T2,2023-05-01,2023-05-22
20230527,2023-05-27,2023,2,5,May,27,21,6,Saturday,true,2023-05,2023-T2,2023-05-01,2023-05-22
20230528,2023-05-28,2023,2,5,May,28,21,7,Sunday,true,2023-05,2023-T2,2023-05-01,2023-05-22
20230529,2023-05-29,2023,2,5,May,29,22,1,Monday,false,2023-05,2023-T2,2023-05-01,2023-05-29
20230530,2023-05-30,2023,2,5,May,30,22,2,Tuesday,false,2023-05,2023-T2,2023-05-01,2023-05-29
20230531,2023-05-31,2023,2,5,May,31,22,3,Wednesday,false,2023-05,2023-T2,2023-05-01,2023-05-29
20230601,2023-06-01,2023,2,6,June,1,22,4,Thursday,false,2023-06,2023-T2,2023-06-01,2023-05-29
20230602,2023-06-02,2023,2,6,June,2,22,5,Friday,false,2023-06,2023-T2,2023-06-01,2023-05-29
20230603,2023-06-03,2023,2,6,June,3,22,6,Saturday,true,2023-06,2023-T2,2023-06-01,2023-05-29
20230604,2023-06-04,2023,2,6,June,4,22,7,Sunday,true,2023-06,2023-T2,2023-06-01,2023-05-29
20230605,2023-06-05,2023,2,6,June,5,23,1,Monday,false,2023-06,2023-T2,2023-06-01,2023-06-05
20230606,2023-06-06,2023,2,6,June,6,23,2,Tuesday,false,2023-06,2023-T2,2023-06-01,2023-06-05
20230607,2023-06-07,2023,2,6,June,7,23,3,Wednesday,false,2023-06,2023-T2,2023-06-01,2023-06-05
20230608,2023-06-08,2023,2,6,June,8,23,4,Thursday,false,2023-06,2023-T2,2023-06-01,2023-06-05
20230609,2023-06-09,2023,2,6,June,9,23,5,Friday,false,2023-06,2023-T2,2023-06-01,2023-06-05
20230610,2023-06-10,2023,2,6,June,10,23,6,Saturday,true,2023-06,2023-T2,2023-06-01,2023-06-05
20230611,2023-06-11,2023,2,6,June,11,23,7,Sunday,true,2023-06,2023-T2,2023-06-01,2023-06-05
20230612,2023-06-12,2023,2,6,June,12,24,1,Monday,false,2023-06,2023-T2,2023-06-01,2023-06-12
20230613,2023-06-13,2023,2,6,June,13,24,2,Tuesday,false,2023-06,2023-T2,2023-06-01,2023-06-12
20230614,2023-06-14,2023,2,6,June,14,24,3,Wednesday,false,2023-06,2023-T2,2023-06-01,2023-06-12
20230615,2023-06-15,2023,2,6,June,15,24,4,Thursday,false,2023-06,2023-T2,2023-06-01,2023-06-12
20230616,2023-06-16,2023,2,6,June,16,24,5,Friday,false,2023-06,2023-T2,2023-06-01,2023-06-12
20230617,2023-06-17,2023,2,6,June,17,24,6,Saturday,true,2023-06,2023-T2,2023-06-01,2023-06-12
20230618,2023-06-18,2023,2,6,June,18,24,7,Sunday,true,2023-06,2023-T2,2023-06-01,2023-06-12
20230619,2023-06-19,2023,2,6,June,19,25,1,Monday,false,2023-06,2023-T2,2023-06-01,2023-06-19
20230620,2023-06-20,2023,2,6,June,20,25,2,Tuesday,false,2023-06,2023-T2,2023-06-01,2023-06-19
20230621,2023-06-21,2023,2,6,June,21,25,3,Wednesday,false,2023-06,2023-T2,2023-06-01,2023-06-19
20230622,2023-06-22,2023,2,6,June,22,25,4,Thursday,false,2023-06,2023-T2,2023-06-01,2023-06-19
20230623,2023-06-23,2023,2,6,June,23,25,5,Friday,false,2023-06,2023-T2,2023-06-01,2023-06-19
20230624,2023-06-24,2023,2,6,June,24,25,6,Saturday,true,2023-06,2023-T2,2023-06-01,2023-06-19
20230625,2023-06-25,2023,2,6,June,25,25,7,Sunday,true,2023-06,2023-T2,2023-06-01,2023-06-19
20230626,2023-06-26,2023,2,6,June,26,26,1,Monday,false,2023-06,2023-T2,2023-06-01,2023-06-26
20230627,2023-06-27,2023,2,6,June,27,26,2,Tuesday,false,2023-06,2023-T2,2023-06-01,2023-06-26
20230628,2023-06-28,2023,2,6,June,28,26,3,Wednesday,false,2023-06,2023-T2,2023-06-01,2023-06-26
20230629,2023-06-29,2023,2,6,June,29,26,4,Thursday,false,2023-06,2023-T2,2023-06-01,2023-06-26
20230630,2023-06-30,2023,2,6,June,30,26,5,Friday,false,2023-06,2023-T2,2023-06-01,2023-06-26
20230701,2023-07-01,2023,3,7,July,1,26,6,Saturday,true,2023-07,2023-T3,2023-07-01,2023-06-26
20230702,2023-07-02,2023,3,7,July,2,26,7,Sunday,true,2023-07,2023-T3,2023-07-01,2023-06-26
20230703,2023-07-03,2023,3,7,July,3,27,1,Monday,false,2023-07,2023-T3,2023-07-01,2023-07-03
20230704,2023-07-04,2023,3,7,July,4,27,2,Tuesday,false,2023-07,2023-T3,2023-07-01,2023-07-03
20230705,2023-07-05,2023,3,7,July,5,27,3,Wednesday,false,2023-07,2023-T3,2023-07-01,2023-07-03
20230706,2023-07-06,2023,3,7,July,6,27,4,Thursday,false,2023-07,2023-T3,2023-07-01,2023-07-03
20230707,2023-07-07,2023,3,7,July,7,27,5,Friday,false,2023-07,2023-T3,2023-07-01,2023-07-03
20230708,2023-07-08,2023,3,7,July,8,27,6,Saturday,true,2023-07,2023-T3,2023-07-01,2023-07-03
20230709,2023-07-09,2023,3,7,July,9,27,7,Sunday,true,2023-07,2023-T3,2023-07-01,2023-07-03
20230710,2023-07-10,2023,3,7,July,10,28,1,Monday,false,2023-07,2023-T3,2023-07-01,2023-07-10
20230711,2023-07-11,2023,3,7,July,11,28,2,Tuesday,false,2023-07,2023-T3,2023-07-01,2023-07-10
20230712,2023-07-12,2023,3,7,July,12,28,3,Wednesday,false,2023-07,2023-T3,2023-07-01,2023-07-10
20230713,2023-07-13,2023,3,7,July,13,28,4,Thursday,false,2023-07,2023-T3,2023-07-01,2023-07-10
20230714,2023-07-14,2023,3,7,July,14,28,5,Friday,false,2023-07,2023-T3,2023-07-01,2023-07-10
20230715,2023-07-15,2023,3,7,July,15,28,6,Saturday,true,2023-07,2023-T3,2023-07-01,2023-07-10
20230716,2023-07-16,2023,3,7,July,16,28,7,Sunday,true,2023-07,2023-T3,2023-07-01,2023-07-10
20230717,2023-07-17,2023,3,7,July,17,29,1,Monday,false,2023-07,2023-T3,2023-07-01,2023-07-17
20230718,2023-07-18,2023,3,7,July,18,29,2,Tuesday,false,2023-07,2023-T3,2023-07-01,2023-07-17
20230719,2023-07-19,2023,3,7,July,19,29,3,Wednesday,false,2023-07,2023-T3,2023-07-01,2023-07-17
20230720,2023-07-20,2023,3,7,July,20,29,4,Thursday,false,2023-07,2023-T3,2023-07-01,2023-07-17
20230721,2023-07-21,2023,3,7,July,21,29,5,Friday,false,2023-07,2023-T3,2023-07-01,2023-07-17
20230722,2023-07-22,2023,3,7,July,22,29,6,Saturday,true,2023-07,2023-T3,2023-07-01,2023-07-17
20230723,2023-07-23,2023,3,7,July,23,29,7,Sunday,true,2023-07,2023-T3,2023-07-01,2023-07-17
20230724,2023-07-24,2023,3,7,July,24,30,1,Monday,false,2023-07,2023-T3,2023-07-01,2023-07-24
20230725,2023-07-25,2023,3,7,July,25,30,2,Tuesday,false,2023-07,2023-T3,2023-07-01,2023-07-24
20230726,2023-07-26,2023,3,7,July,26,30,3,Wednesday,false,2023-07,2023-T3,2023-07-01,2023-07-24
20230727,2023-07-27,2023,3,7,July,27,30,4,Thursday,false,2023-07,2023-T3,2023-07-01,2023-07-24
20230728,2023-07-28,2023,3,7,July,28,30,5,Friday,false,2023-07,2023-T3,2023-07-01,2023-07-24
20230729,2023-07-29,2023,3,7,July,29,30,6,Saturday,true,2023-07,2023-T3,2023-07-01,2023-07-24
20230730,2023-07-30,2023,3,7,July,30,30,7,Sunday,true,2023-07,2023-T3,2023-07-01,2023-07-24
20230731,2023-07-31,2023,3,7,July,31,31,1,Monday,false,2023-07,2023-T3,2023-07-01,2023-07-31
20230801,2023-08-01,2023,3,8,August,1,31,2,Tuesday,false,2023-08,2023-T3,2023-08-01,2023-07-31
20230802,2023-08-02,2023,3,8,August,2,31,3,Wednesday,false,2023-08,2023-T3,2023-08-01,2023-07-31
20230803,2023-08-03,2023,3,8,August,3,31,4,Thursday,false,2023-08,2023-T3,2023-08-01,2023-07-31
20230804,2023-08-04,2023,3,8,August,4,31,5,Friday,false,2023-08,2023-T3,2023-08-01,2023-07-31
20230805,2023-08-05,2023,3,8,August,5,31,6,Saturday,true,2023-08,2023-T3,2023-08-01,2023-07-31
20230806,2023-08-06,2023,3,8,August,6,31,7,Sunday,true,2023-08,2023-T3,2023-08-01,2023-07-31
20230807,2023-08-07,2023,3,8,August,7,32,1,Monday,false,2023-08,2023-T3,2023-08-01,2023-08-07
20230808,2023-08-08,2023,3,8,August,8,32,2,Tuesday,false,2023-08,2023-T3,2023-08-01,2023-08-07
20230809,2023-08-09,2023,3,8,August,9,32,3,Wednesday,false,2023-08,2023-T3,2023-08-01,2023-08-07
20230810,2023-08-10,2023,3,8,August,10,32,4,Thursday,false,2023-08,2023-T3,2023-08-01,2023-08-07
20230811,2023-08-11,2023,3,8,August,11,32,5,Friday,false,2023-08,2023-T3,2023-08-01,2023-08-07
20230812,2023-08-12,2023,3,8,August,12,32,6,Saturday,true,2023-08,2023-T3,2023-08-01,2023-08-07
20230813,2023-08-13,2023,3,8,August,13,32,7,Sunday,true,2023-08,2023-T3,2023-08-01,2023-08-07
20230814,2023-08-14,2023,3,8,August,14,33,1,Monday,false,2023-08,2023-T3,2023-08-01,2023-08-14
20230815,2023-08-15,2023,3,8,August,15,33,2,Tuesday,false,2023-08,2023-T3,2023-08-01,2023-08-14
20230816,2023-08-16,2023,3,8,August,16,33,3,Wednesday,false,2023-08,2023-T3,2023-08-01,2023-08-14
20230817,2023-08-17,2023,3,8,August,17,33,4,Thursday,false,2023-08,2023-T3,2023-08-01,2023-08-14
20230818,2023-08-18,2023,3,8,August,18,33,5,Friday,false,2023-08,2023-T3,2023-08-01,2023-08-14
20230819,2023-08-19,2023,3,8,August,19,33,6,Saturday,true,2023-08,2023-T3,2023-08-01,2023-08-14
20230820,2023-08-20,2023,3,8,August,20,33,7,Sunday,true,2023-08,2023-T3,2023-08-01,2023-08-14
20230821,2023-08-21,2023,3,8,August,21,34,1,Monday,false,2023-08,2023-T3,2023-08-01,2023-08-21
20230822,2023-08-22,2023,3,8,August,22,34,2,Tuesday,false,2023-08,2023-T3,2023-08-01,2023-08-21
20230823,2023-08-23,2023,3,8,August,23,34,3,Wednesday,false,2023-08,2023-T3,2023-08-01,2023-08-21
20230824,2023-08-24,2023,3,8,August,24,34,4,Thursday,false,2023-08,2023-T3,2023-08-01,2023-08-21
20230825,2023-08-25,2023,3,8,August,25,34,5,Friday,false,2023-08,2023-T3,2023-08-01,2023-08-21
20230826,2023-08-26,2023,3,8,August,26,34,6,Saturday,true,2023-08,2023-T3,2023-08-01,2023-08-21
20230827,2023-08-27,2023,3,8,August,27,34,7,Sunday,true,2023-08,2023-T3,2023-08-01,2023-08-21
20230828,2023-08-28,2023,3,8,August,28,35,1,Monday,false,2023-08,2023-T3,2023-08-01,2023-08-28
20230829,2023-08-29,2023,3,8,August,29,35,2,Tuesday,false,2023-08,2023-T3,2023-08-01,2023-08-28
20230830,2023-08-30,2023,3,8,August,30,35,3,Wednesday,false,2023-08,2023-T3,2023-08-01,2023-08-28
20230831,2023-08-31,2023,3,8,August,31,35,4,Thursday,false,2023-08,2023-T3,2023-08-01,2023-08-28
20230901,2023-09-01,2023,3,9,September,1,35,5,Friday,false,2023-09,2023-T3,2023-09-01,2023-08-28
20230902,2023-09-02,2023,3,9,September,2,35,6,Saturday,true,2023-09,2023-T3,2023-09-01,2023-08-28
20230903,2023-09-03,2023,3,9,September,3,35,7,Sunday,true,2023-09,2023-T3,2023-09-01,2023-08-28
20230904,2023-09-04,2023,3,9,September,4,36,1,Monday,false,2023-09,2023-T3,2023-09-01,2023-09-04
20230905,2023-09-05,2023,3,9,September,5,36,2,Tuesday,false,2023-09,2023-T3,2023-09-01,2023-09-04
20230906,2023-09-06,2023,3,9,September,6,36,3,Wednesday,false,2023-09,2023-T3,2023-09-01,2023-09-04
20230907,2023-09-07,2023,3,9,September,7,36,4,Thursday,false,2023-09,2023-T3,2023-09-01,2023-09-04
20230908,2023-09-08,2023,3,9,September,8,36,5,Friday,false,2023-09,2023-T3,2023-09-01,2023-09-04
20230909,2023-09-09,2023,3,9,September,9,36,6,Saturday,true,2023-09,2023-T3,2023-09-01,2023-09-04
20230910,2023-09-10,2023,3,9,September,10,36,7,Sunday,true,2023-09,2023-T3,2023-09-01,2023-09-04
20230911,2023-09-11,2023,3,9,September,11,37,1,Monday,false,2023-09,2023-T3,2023-09-01,2023-09-11
20230912,2023-09-12,2023,3,9,September,12,37,2,Tuesday,false,2023-09,2023-T3,2023-09-01,2023-09-11
20230913,2023-09-13,2023,3,9,September,13,37,3,Wednesday,false,2023-09,2023-T3,2023-09-01,2023-09-11
20230914,2023-09-14,2023,3,9,September,14,37,4,Thursday,false,2023-09,2023-T3,2023-09-01,2023-09-11
20230915,2023-09-15,2023,3,9,September,15,37,5,Friday,false,2023-09,2023-T3,2023-09-01,2023-09-11
20230916,2023-09-16,2023,3,9,September,16,37,6,Saturday,true,2023-09,2023-T3,2023-09-01,2023-09-11
20230917,2023-09-17,2023,3,9,September,17,37,7,Sunday,true,2023-09,2023-T3,2023-09-01,2023-09-11
20230918,2023-09-18,2023,3,9,September,18,38,1,Monday,false,2023-09,2023-T3,2023-09-01,2023-09-18
20230919,2023-09-19,2023,3,9,September,19,38,2,Tuesday,false,2023-09,2023-T3,2023-09-01,2023-09-18
20230920,2023-09-20,2023,3,9,September,20,38,3,Wednesday,false,2023-09,2023-T3,2023-09-01,2023-09-18
20230921,2023-09-21,2023,3,9,September,21,38,4,Thursday,false,2023-09,2023-T3,2023-09-01,2023-09-18
20230922,2023-09-22,2023,3,9,September,22,38,5,Friday,false,2023-09,2023-T3,2023-09-01,2023-09-18
20230923,2023-09-23,2023,3,9,September,23,38,6,Saturday,true,2023-09,2023-T3,2023-09-01,2023-09-18
20230924,2023-09-24,2023,3,9,September,24,38,7,Sunday,true,2023-09,2023-T3,2023-09-01,2023-09-18
20230925,2023-09-25,2023,3,9,September,25,39,1,Monday,false,2023-09,2023-T3,2023-09-01,2023-09-25
20230926,2023-09-26,2023,3,9,September,26,39,2,Tuesday,false,2023-09,2023-T3,2023-09-01,2023-09-25
20230927,2023-09-27,2023,3,9,September,27,39,3,Wednesday,false,2023-09,2023-T3,2023-09-01,2023-09-25
20230928,2023-09-28,2023,3,9,September,28,39,4,Thursday,false,2023-09,2023-T3,2023-09-01,2023-09-25
20230929,2023-09-29,2023,3,9,September,29,39,5,Friday,false,2023-09,2023-T3,2023-09-01,2023-09-25
20230930,2023-09-30,2023,3,9,September,30,39,6,Saturday,true,2023-09,2023-T3,2023-09-01,2023-09-25
20231001,2023-10-01,2023,4,10,October,1,39,7,Sunday,true,2023-10,2023-T4,2023-10-01,2023-09-25
